,AgentLat,AgentLong,ContaMediaAccount,DistVIPHamming,Distance,Final,LeadID,LeadLat,LeadLong,MLDecision,SemDistCorrel,SemDistCosine,SemDistHamming,StarRating,StoryAgent,StoryLead,VIPAgentStory,VIPLeadStory,WeightSem
0,41.58138476,-8.508512416,1,0.10000000000000009,0.0,33.873410481663136,10001,41.58138476,-8.508512416,0,0.46434609257042586,0.8396248940522979,0.5444444444444445,3.0,"[10.0, 23.0, 10.0, 6.0, 2.0, 3.0, 7.0, 50.0, 1.0]","[10.0, 30.0, 10.0, 6.0, 9.0, 7.0, 2.0, 20.0, 1.0]",['1' '0' '0' '1'],['1.0' '1.0' '1.0' '1.0'],0.7666666666666667
1,41.85767914,-8.264957351,6,0.10000000000000009,36.77624472393601,33.14105449942108,10001,41.58138476,-8.508512416,0,0.8142176555899988,0.8749675432350864,0.6555555555555557,3.0,"[10.0, 25.0, 10.0, 6.0, 17.0, 3.0, 2.0, 50.0, 1.0]","[10.0, 30.0, 10.0, 6.0, 9.0, 7.0, 2.0, 20.0, 1.0]",['1' '0' '0' '0'],['1.0' '1.0' '1.0' '1.0'],0.8333333333333334
2,41.78885768,-8.011604404,28,0.10000000000000009,47.27505669988389,17.515885011908903,10001,41.58138476,-8.508512416,0,0.6178920849951656,0.9431074053383715,0.5444444444444445,1.0,"[10.0, 40.0, 10.0, 6.0, 20.0, 8.0, 8.0, 50.0, 1.0]","[10.0, 30.0, 10.0, 6.0, 9.0, 7.0, 2.0, 20.0, 1.0]",['1' '1' '0' '0'],['1.0' '1.0' '1.0' '1.0'],0.6666666666666666
7,41.70253802,-7.94881965,23,0.10000000000000009,31.380789156633732,61.84795020795046,10006,41.85767914,-8.264957351,0,2.0107601191369655,0.9730853703986762,0.7666666666666668,6.0,"[8.0, 48.0, 10.0, 1.0, 11.0, 5.0, 2.0, 20.0, 1.0]","[8.0, 43.0, 10.0, 1.0, 18.0, 5.0, 2.0, 30.0, 1.0]",['1' '1' '0' '1'],['3.0' '3.0' '3.0' '3.0'],0.8333333333333334
5,41.89749354,-7.923801582,3,0.10000000000000009,28.590042454880155,28.812939258138663,10006,41.85767914,-8.264957351,0,0.9200478138998999,0.980337476567668,0.5444444444444445,2.0,"[8.0, 51.0, 10.0, 1.0, 17.0, 7.0, 7.0, 50.0, 1.0]","[8.0, 43.0, 10.0, 1.0, 18.0, 5.0, 2.0, 30.0, 1.0]",['1' '1' '0' '1'],['3.0' '3.0' '3.0' '3.0'],0.7333333333333333
6,42.11415529,-8.216371286,15,0.10000000000000009,28.80018646383987,18.320251678757028,10006,41.85767914,-8.264957351,0,0.5583209794114133,0.9610729197123232,0.43333333333333346,1.0,"[8.0, 52.0, 10.0, 6.0, 11.0, 4.0, 5.0, 20.0, 1.0]","[8.0, 43.0, 10.0, 1.0, 18.0, 5.0, 2.0, 30.0, 1.0]",['1' '0' '0' '0'],['3.0' '3.0' '3.0' '3.0'],0.7
12,41.78885768,-8.011604404,28,0.10000000000000009,23.636230114144546,26.210530382164702,10007,41.92770916,-7.795507059,0,0.6139724436535026,0.9571203770396156,0.43333333333333346,2.0,"[10.0, 40.0, 10.0, 6.0, 20.0, 8.0, 8.0, 50.0, 1.0]","[10.0, 39.0, 10.0, 1.0, 8.0, 10.0, 10.0, 30.0, 1.0]",['1' '1' '0' '0'],['10.0' '10.0' '10.0' '10.0'],0.9666666666666667
13,41.97007468,-7.347658251,36,0.10000000000000009,37.33556031848367,22.161299111544878,10007,41.92770916,-7.795507059,0,0.5203902100559213,0.9779948839695818,0.5444444444444445,2.0,"[8.0, 39.0, 10.0, 6.0, 13.0, 4.0, 4.0, 30.0, 1.0]","[10.0, 39.0, 10.0, 1.0, 8.0, 10.0, 10.0, 30.0, 1.0]",['1' '2' '0' '1'],['10.0' '10.0' '10.0' '10.0'],0.75
9,41.88768757,-7.97872207,2,0.10000000000000009,15.801323896594324,26.368440948480693,10007,41.92770916,-7.795507059,0,0.45994771330324097,0.9658326928811636,0.5444444444444445,2.0,"[10.0, 49.0, 10.0, 6.0, 20.0, 10.0, 2.0, 50.0, 1.0]","[10.0, 39.0, 10.0, 1.0, 8.0, 10.0, 10.0, 30.0, 1.0]",['1' '0' '0' '1'],['10.0' '10.0' '10.0' '10.0'],0.6666666666666666
15,42.96868436,-6.803534196,22,0.10000000000000009,26.66650308583772,33.80267279969119,10009,43.14136073,-7.031288239,0,1.3299094395000721,0.9817395755800967,0.5444444444444445,3.0,"[10.0, 45.0, 10.0, 6.0, 9.0, 6.0, 7.0, 30.0, 1.0]","[10.0, 53.0, 10.0, 6.0, 10.0, 4.0, 5.0, 50.0, 1.0]",['1' '1' '0' '1'],['3.0' '3.0' '3.0' '3.0'],0.7333333333333333
14,42.95903,-7.363269908,4,0.10000000000000009,33.74501724943726,9.5528746926407,10009,43.14136073,-7.031288239,0,0.454034887587757,0.9774295308220333,0.3222222222222223,0.0,"[8.0, 45.0, 10.0, 1.0, 8.0, 1.0, 10.0, 30.0, 1.0]","[10.0, 53.0, 10.0, 6.0, 10.0, 4.0, 5.0, 50.0, 1.0]",['1' '0' '0' '1'],['3.0' '3.0' '3.0' '3.0'],0.5499999999999999
20,42.98347757,-7.491552584,25,0.10000000000000009,31.48257555720767,16.476564032618093,10010,42.7005374,-7.477429664,0,1.0442544547704309,0.0,0.43333333333333346,1.0,"[8.0, 41.0, 10.0, 1.0, 10.0, 7.0, 6.0, 50.0, 1.0]","[8.0, 32.0, 10.0, 1.0, 2.0, 5.0, nan, nan, nan]",['1' '1' '0' '1'],[nan nan nan nan],0.7
21,42.55889126,-7.624810202,30,0.10000000000000009,19.83565236934522,13.383205876506928,10010,42.7005374,-7.477429664,0,0.5912393921428609,0.0,0.43333333333333346,1.0,"[8.0, 44.0, 10.0, 6.0, 20.0, 5.0, 10.0, 30.0, 1.0]","[8.0, 32.0, 10.0, 1.0, 2.0, 5.0, nan, nan, nan]",['1' '2' '0' '1'],[nan nan nan nan],0.6
18,42.51453735,-7.784839061,18,0.10000000000000009,32.56843865166982,13.446323586345398,10010,42.7005374,-7.477429664,0,0.8274397764351398,0.0,0.43333333333333346,1.0,"[8.0, 21.0, 10.0, 1.0, 1.0, 1.0, 9.0, 50.0, 1.0]","[8.0, 32.0, 10.0, 1.0, 2.0, 5.0, nan, nan, nan]",['1' '1' '0' '1'],[nan nan nan nan],0.6333333333333333
24,41.34802412,-7.419638133,33,0.10000000000000009,28.365642449592684,27.22619869467549,10012,41.27173559,-7.095569613,0,0.4255498244022428,0.9443589677603019,0.5444444444444445,2.0,"[8.0, 37.0, 10.0, 6.0, 1.0, 10.0, 8.0, 50.0, 1.0]","[8.0, 41.0, 10.0, 1.0, 2.0, 10.0, -1.0, 30.0, 1.0]",['1' '2' '0' '1'],['3.0' '3.0' '3.0' '3.0'],0.8666666666666667
23,41.27173559,-7.095569613,12,0.10000000000000009,0.0,16.93543383219632,10012,41.27173559,-7.095569613,0,0.34683841795191617,0.9452353346585004,0.3222222222222223,1.0,"[10.0, 40.0, 10.0, 6.0, 13.0, 8.0, 6.0, 20.0, 1.0]","[8.0, 41.0, 10.0, 1.0, 2.0, 10.0, -1.0, 30.0, 1.0]",['1' '0' '0' '1'],['3.0' '3.0' '3.0' '3.0'],0.725
25,41.28341653,-6.539602414,41,0.10000000000000009,46.477736554784094,18.32687471867849,10012,41.27173559,-7.095569613,0,0.5228427808904329,0.9547567740004466,0.5444444444444445,1.0,"[10.0, 42.0, 10.0, 1.0, 2.0, 3.0, 7.0, 50.0, 1.0]","[8.0, 41.0, 10.0, 1.0, 2.0, 10.0, -1.0, 30.0, 1.0]",['1' '2' '0' '1'],['3.0' '3.0' '3.0' '3.0'],0.725
26,41.28341653,-6.539602414,41,0.10000000000000009,44.76890502569955,21.720939425191563,10013,40.91103743,-6.336466908,0,0.6459021099468925,0.9702100831769928,0.6555555555555557,2.0,"[10.0, 42.0, 10.0, 1.0, 2.0, 3.0, 7.0, 50.0, 1.0]","[10.0, 54.0, 10.0, 1.0, 18.0, 7.0, 11.0, 50.0, 1.0]",['1' '2' '0' '1'],['1.0' '1.0' '1.0' '1.0'],0.6
27,42.02430087,-7.182759536,16,0.10000000000000009,0.0,22.125898274770606,10016,42.02430087,-7.182759536,0,0.4816466719465998,0.9734236666210988,0.43333333333333346,2.0,"[8.0, 46.0, 10.0, 1.0, 2.0, 7.0, 11.0, 50.0, 1.0]","[8.0, 34.0, 10.0, 6.0, 9.0, 5.0, 8.0, 30.0, 1.0]",['1' '0' '0' '0'],['1.0' '1.0' '1.0' '1.0'],0.6
28,42.34912347,-7.561901975,21,0.10000000000000009,47.75304326584455,25.99643207946935,10016,42.02430087,-7.182759536,0,1.0990776474138872,0.9659727113778149,0.6555555555555557,2.0,"[8.0, 24.0, 10.0, 6.0, 13.0, 12.0, 6.0, 30.0, 1.0]","[8.0, 34.0, 10.0, 6.0, 9.0, 5.0, 8.0, 30.0, 1.0]",['1' '1' '0' '1'],['1.0' '1.0' '1.0' '1.0'],0.6666666666666666
30,41.97007468,-7.347658251,36,0.10000000000000009,14.901256544869392,55.31654208047604,10016,42.02430087,-7.182759536,0,1.437285945920898,0.9917777499713805,0.6555555555555557,5.0,"[8.0, 39.0, 10.0, 6.0, 13.0, 4.0, 4.0, 30.0, 1.0]","[8.0, 34.0, 10.0, 6.0, 9.0, 5.0, 8.0, 30.0, 1.0]",['1' '2' '0' '1'],['1.0' '1.0' '1.0' '1.0'],0.8333333333333334
33,42.34912347,-7.561901975,21,0.10000000000000009,25.94368657142345,13.178557542704123,10018,42.51453735,-7.784839061,0,0.5625703481542121,0.9713104124429807,0.3222222222222223,1.0,"[8.0, 24.0, 10.0, 6.0, 13.0, 12.0, 6.0, 30.0, 1.0]","[10.0, 21.0, 10.0, 1.0, 9.0, 5.0, 5.0, 20.0, 1.0]",['1' '1' '0' '1'],['10.0' '10.0' '10.0' '10.0'],0.675
34,42.08412693,-7.698188046,37,0.10000000000000009,48.38712740554674,17.567269688194354,10018,42.51453735,-7.784839061,0,1.2332628941956414,0.9749863024174321,0.43333333333333346,1.0,"[8.0, 22.0, 10.0, 1.0, 8.0, 3.0, 7.0, 30.0, 1.0]","[10.0, 21.0, 10.0, 1.0, 9.0, 5.0, 5.0, 20.0, 1.0]",['1' '2' '0' '0'],['10.0' '10.0' '10.0' '10.0'],0.725
32,42.51453735,-7.784839061,18,0.10000000000000009,0.0,33.1463313289541,10018,42.51453735,-7.784839061,0,0.4360978243564096,0.8691537363656897,0.5444444444444445,3.0,"[8.0, 21.0, 10.0, 1.0, 1.0, 1.0, 9.0, 50.0, 1.0]","[10.0, 21.0, 10.0, 1.0, 9.0, 5.0, 5.0, 20.0, 1.0]",['1' '1' '0' '1'],['10.0' '10.0' '10.0' '10.0'],0.75
35,40.4111132,-6.881616327,19,0.10000000000000009,0.0,16.090367838593053,10019,40.4111132,-6.881616327,0,0.2696056241835539,0.9070790582623154,0.3222222222222223,1.0,"[8.0, 52.0, 10.0, 1.0, 8.0, 5.0, -1.0, 20.0, 1.0]","[10.0, 51.0, 10.0, 6.0, 1.0, 1.0, 4.0, 50.0, 1.0]",['1' '1' '0' '1'],['10.0' '10.0' '10.0' '10.0'],0.725
42,41.97007468,-7.347658251,36,0.10000000000000009,45.69821924014678,28.901696641742987,10021,42.34912347,-7.561901975,0,1.3154778514330736,0.9652699001265811,0.6555555555555557,2.0,"[8.0, 39.0, 10.0, 6.0, 13.0, 4.0, 4.0, 30.0, 1.0]","[8.0, 29.0, 10.0, 6.0, 20.0, 6.0, 4.0, 20.0, 1.0]",['1' '2' '0' '1'],['1.0' '1.0' '1.0' '1.0'],0.6666666666666666
40,42.55889126,-7.624810202,30,0.10000000000000009,23.889282507330975,30.933451561058952,10021,42.34912347,-7.561901975,0,1.0799602906612926,0.9806002509813131,0.6555555555555557,3.0,"[8.0, 44.0, 10.0, 6.0, 20.0, 5.0, 10.0, 30.0, 1.0]","[8.0, 29.0, 10.0, 6.0, 20.0, 6.0, 4.0, 20.0, 1.0]",['1' '2' '0' '1'],['1.0' '1.0' '1.0' '1.0'],0.5
39,42.34912347,-7.561901975,21,0.10000000000000009,0.0,44.76863139327469,10021,42.34912347,-7.561901975,0,0.9608047687558815,0.9459446198847011,0.5444444444444445,4.0,"[8.0, 24.0, 10.0, 6.0, 13.0, 12.0, 6.0, 30.0, 1.0]","[8.0, 29.0, 10.0, 6.0, 20.0, 6.0, 4.0, 20.0, 1.0]",['1' '1' '0' '1'],['1.0' '1.0' '1.0' '1.0'],0.8333333333333334
44,41.88768757,-7.97872207,2,0.10000000000000009,20.73639087798367,27.653695258002653,10023,41.70253802,-7.94881965,0,0.8490554964061868,0.9750555200843607,0.5444444444444445,2.0,"[10.0, 49.0, 10.0, 6.0, 20.0, 10.0, 2.0, 50.0, 1.0]","[8.0, 44.0, 10.0, 6.0, 10.0, 10.0, 5.0, 30.0, 1.0]",['1' '0' '0' '1'],['10.0' '10.0' '10.0' '10.0'],0.625
46,41.70253802,-7.94881965,23,0.10000000000000009,0.0,30.828565861515084,10023,41.70253802,-7.94881965,0,0.5655188078910365,0.9727054617906966,0.43333333333333346,3.0,"[8.0, 48.0, 10.0, 1.0, 11.0, 5.0, 2.0, 20.0, 1.0]","[8.0, 44.0, 10.0, 6.0, 10.0, 10.0, 5.0, 30.0, 1.0]",['1' '1' '0' '1'],['10.0' '10.0' '10.0' '10.0'],0.8666666666666667
47,41.78885768,-8.011604404,28,0.10000000000000009,10.920597623999658,24.963551341150573,10023,41.70253802,-7.94881965,0,0.921706699198374,0.9531410989105759,0.43333333333333346,2.0,"[10.0, 40.0, 10.0, 6.0, 20.0, 8.0, 8.0, 50.0, 1.0]","[8.0, 44.0, 10.0, 6.0, 10.0, 10.0, 5.0, 30.0, 1.0]",['1' '1' '0' '0'],['10.0' '10.0' '10.0' '10.0'],0.65
50,42.79913661,-7.105994193,43,0.10000000000000009,38.42235801668722,14.949418564733756,10024,42.70008095,-6.655188721,0,0.6070778307382013,0.8888845330612009,0.43333333333333346,1.0,"[8.0, 29.0, 10.0, 6.0, 17.0, 7.0, 7.0, 50.0, 1.0]","[10.0, 25.0, 10.0, 6.0, 1.0, 8.0, 6.0, 20.0, 1.0]",['1' '2' '0' '1'],['10.0' '10.0' '10.0' '10.0'],0.65
49,42.50134548,-6.212813029,35,0.10000000000000009,42.418873577076674,26.625131941376793,10024,42.70008095,-6.655188721,0,0.7713671502186163,0.9748635849101371,0.6555555555555557,2.0,"[10.0, 34.0, 10.0, 6.0, 9.0, 6.0, 6.0, 30.0, 1.0]","[10.0, 25.0, 10.0, 6.0, 1.0, 8.0, 6.0, 20.0, 1.0]",['1' '0' '0' '0'],['10.0' '10.0' '10.0' '10.0'],0.7
48,42.70008095,-6.655188721,24,0.10000000000000009,0.0,26.03515684686755,10024,42.70008095,-6.655188721,0,0.6383995725892224,0.9863218445044802,0.43333333333333346,2.0,"[8.0, 22.0, 10.0, 1.0, 2.0, 6.0, 4.0, 20.0, 1.0]","[10.0, 25.0, 10.0, 6.0, 1.0, 8.0, 6.0, 20.0, 1.0]",['1' '1' '0' '1'],['10.0' '10.0' '10.0' '10.0'],0.675
54,42.55889126,-7.624810202,30,0.10000000000000009,48.448619685674004,15.915336734974188,10025,42.98347757,-7.491552584,0,0.6141856170734546,0.972352044605324,0.5444444444444445,1.0,"[8.0, 44.0, 10.0, 6.0, 20.0, 5.0, 10.0, 30.0, 1.0]","[10.0, 38.0, 10.0, 6.0, 13.0, 8.0, -1.0, 30.0, 1.0]",['1' '2' '0' '1'],['1.0' '1.0' '1.0' '1.0'],0.6000000000000001
51,42.95903,-7.363269908,4,0.10000000000000009,10.785398791289019,17.780222245177224,10025,42.98347757,-7.491552584,0,0.34169259311221184,0.9575618114933805,0.43333333333333346,1.0,"[8.0, 45.0, 10.0, 1.0, 8.0, 1.0, 10.0, 30.0, 1.0]","[10.0, 38.0, 10.0, 6.0, 13.0, 8.0, -1.0, 30.0, 1.0]",['1' '0' '0' '1'],['1.0' '1.0' '1.0' '1.0'],0.5750000000000001
53,42.98347757,-7.491552584,25,0.10000000000000009,0.0,16.69762058437713,10025,42.98347757,-7.491552584,0,0.4326245723296671,0.9589068601466295,0.3222222222222223,1.0,"[8.0, 41.0, 10.0, 1.0, 10.0, 7.0, 6.0, 50.0, 1.0]","[10.0, 38.0, 10.0, 6.0, 13.0, 8.0, -1.0, 30.0, 1.0]",['1' '1' '0' '1'],['1.0' '1.0' '1.0' '1.0'],0.675
57,41.28341653,-6.539602414,41,0.10000000000000009,31.622004513885795,34.20473352427667,10026,41.41469164,-6.875651556,0,1.211940806259568,0.99293368366022,0.6555555555555557,3.0,"[10.0, 42.0, 10.0, 1.0, 2.0, 3.0, 7.0, 50.0, 1.0]","[10.0, 53.0, 10.0, 1.0, 1.0, 5.0, 9.0, 50.0, 1.0]",['1' '2' '0' '1'],['10.0' '10.0' '10.0' '10.0'],0.6333333333333333
56,41.27173559,-7.095569613,12,0.10000000000000009,24.284498932817414,15.05873464553513,10026,41.41469164,-6.875651556,0,0.3888698939115326,0.9152060661980946,0.43333333333333346,1.0,"[10.0, 40.0, 10.0, 6.0, 13.0, 8.0, 6.0, 20.0, 1.0]","[10.0, 53.0, 10.0, 1.0, 1.0, 5.0, 9.0, 50.0, 1.0]",['1' '0' '0' '1'],['10.0' '10.0' '10.0' '10.0'],0.5666666666666667
61,41.78885768,-8.011604404,28,0.10000000000000009,0.0,42.093212669783846,10028,41.78885768,-8.011604404,0,0.45942061892951325,0.9259907930069049,0.5444444444444445,4.0,"[10.0, 40.0, 10.0, 6.0, 20.0, 8.0, 8.0, 50.0, 1.0]","[10.0, 41.0, 10.0, 6.0, 1.0, 1.0, 5.0, 30.0, 1.0]",['1' '1' '0' '0'],['3.0' '3.0' '3.0' '3.0'],0.9666666666666667
58,41.88768757,-7.97872207,2,0.10000000000000009,11.321978359930922,29.054748267057786,10028,41.78885768,-8.011604404,0,0.40138009884491727,0.944980688362995,0.5444444444444445,2.0,"[10.0, 49.0, 10.0, 6.0, 20.0, 10.0, 2.0, 50.0, 1.0]","[10.0, 41.0, 10.0, 6.0, 1.0, 1.0, 5.0, 30.0, 1.0]",['1' '0' '0' '1'],['3.0' '3.0' '3.0' '3.0'],0.7333333333333333
60,41.70253802,-7.94881965,23,0.10000000000000009,10.920597623999658,12.358622598317748,10028,41.78885768,-8.011604404,0,0.32963918354600164,0.9487600340725179,0.3222222222222223,1.0,"[8.0, 48.0, 10.0, 1.0, 11.0, 5.0, 2.0, 20.0, 1.0]","[10.0, 41.0, 10.0, 6.0, 1.0, 1.0, 5.0, 30.0, 1.0]",['1' '1' '0' '1'],['3.0' '3.0' '3.0' '3.0'],0.5750000000000001
62,41.27173559,-7.095569613,12,0.10000000000000009,28.365642449592684,16.925411722280774,10033,41.34802412,-7.419638133,0,0.39948850298658495,0.9092599910199428,0.43333333333333346,1.0,"[10.0, 40.0, 10.0, 6.0, 13.0, 8.0, 6.0, 20.0, 1.0]","[10.0, 49.0, 10.0, 1.0, 2.0, 5.0, 11.0, 50.0, 1.0]",['1' '0' '0' '1'],['1.0' '1.0' '1.0' '1.0'],0.7
63,42.50134548,-6.212813029,35,0.10000000000000009,0.0,9.703437646309366,10035,42.50134548,-6.212813029,0,0.5640375259326204,0.0,0.3222222222222223,0.0,"[10.0, 34.0, 10.0, 6.0, 9.0, 6.0, 6.0, 30.0, 1.0]","[10.0, 49.0, 10.0, 1.0, 1.0, 7.0, nan, nan, nan]",['1' '0' '0' '0'],[nan nan nan nan],0.5
69,42.08412693,-7.698188046,37,0.10000000000000009,0.0,39.679328058533514,10037,42.08412693,-7.698188046,0,1.1379441143001643,0.9712676026754359,0.5444444444444445,3.0,"[8.0, 22.0, 10.0, 1.0, 8.0, 3.0, 7.0, 30.0, 1.0]","[10.0, 18.0, 10.0, 1.0, 8.0, 7.0, 8.0, 20.0, 1.0]",['1' '2' '0' '0'],['1.0' '1.0' '1.0' '1.0'],0.65
67,41.92742349,-7.559886354,32,0.10000000000000009,20.8375202653774,27.22819717361783,10037,42.08412693,-7.698188046,0,0.9764593633946329,0.9717869115836386,0.5444444444444445,2.0,"[8.0, 25.0, 10.0, 1.0, 13.0, 3.0, 10.0, 20.0, 1.0]","[10.0, 18.0, 10.0, 1.0, 8.0, 7.0, 8.0, 20.0, 1.0]",['1' '2' '0' '0'],['1.0' '1.0' '1.0' '1.0'],0.5750000000000001
64,41.98459123,-7.849340089,14,0.10000000000000009,16.68341294974109,51.96758752184403,10037,42.08412693,-7.698188046,0,0.9161543840011384,0.9810740210214549,0.6555555555555557,5.0,"[10.0, 19.0, 10.0, 6.0, 13.0, 7.0, 10.0, 20.0, 1.0]","[10.0, 18.0, 10.0, 1.0, 8.0, 7.0, 8.0, 20.0, 1.0]",['1' '0' '0' '1'],['1.0' '1.0' '1.0' '1.0'],0.9666666666666667
71,41.00040051,-7.156547358,40,0.10000000000000009,0.0,17.97442953167953,10040,41.00040051,-7.156547358,0,0.511035954756181,0.8882863930565252,0.3222222222222223,1.0,"[8.0, 21.0, 10.0, 1.0, 17.0, 5.0, 6.0, 50.0, 1.0]","[10.0, 20.0, 10.0, 6.0, 13.0, 3.0, 11.0, 20.0, 1.0]",['1' '2' '0' '0'],['10.0' '10.0' '10.0' '10.0'],0.725
73,41.41469164,-6.875651556,26,0.10000000000000009,31.622004513885795,19.885408917331862,10041,41.28341653,-6.539602414,0,0.6351316589229169,0.9568856674862558,0.5444444444444445,1.0,"[10.0, 27.0, 10.0, 1.0, 17.0, 6.0, 10.0, 30.0, 1.0]","[8.0, 35.0, 10.0, 1.0, 13.0, 4.0, -1.0, 30.0, 1.0]",['1' '1' '0' '0'],['3.0' '3.0' '3.0' '3.0'],0.5499999999999999
74,41.45302024,-6.411657209,39,0.10000000000000009,21.67167188958148,19.077456866262306,10041,41.28341653,-6.539602414,0,0.42234842285792257,0.9754039394704952,0.43333333333333346,1.0,"[10.0, 33.0, 10.0, 6.0, 11.0, 10.0, 6.0, 30.0, 1.0]","[8.0, 35.0, 10.0, 1.0, 13.0, 4.0, -1.0, 30.0, 1.0]",['1' '2' '0' '0'],['3.0' '3.0' '3.0' '3.0'],0.7
75,41.28341653,-6.539602414,41,0.10000000000000009,0.0,20.746763937581708,10041,41.28341653,-6.539602414,0,0.4293299912089574,0.9504306347080862,0.43333333333333346,2.0,"[10.0, 42.0, 10.0, 1.0, 2.0, 3.0, 7.0, 50.0, 1.0]","[8.0, 35.0, 10.0, 1.0, 13.0, 4.0, -1.0, 30.0, 1.0]",['1' '2' '0' '1'],['3.0' '3.0' '3.0' '3.0'],0.5750000000000001
77,42.96868436,-6.803534196,22,0.10000000000000009,31.02774697910182,29.886441358277818,10043,42.79913661,-7.105994193,0,0.7945546786400259,0.9776643507084452,0.6555555555555557,2.0,"[10.0, 45.0, 10.0, 6.0, 9.0, 6.0, 7.0, 30.0, 1.0]","[10.0, 34.0, 10.0, 1.0, 13.0, 6.0, 11.0, 30.0, 1.0]",['1' '1' '0' '1'],['10.0' '10.0' '10.0' '10.0'],0.6333333333333333
78,42.98347757,-7.491552584,25,0.10000000000000009,37.506652805589844,16.832118621988524,10043,42.79913661,-7.105994193,0,1.0450194908344868,0.9684145342238208,0.43333333333333346,1.0,"[8.0, 41.0, 10.0, 1.0, 10.0, 7.0, 6.0, 50.0, 1.0]","[10.0, 34.0, 10.0, 1.0, 13.0, 6.0, 11.0, 30.0, 1.0]",['1' '1' '0' '1'],['10.0' '10.0' '10.0' '10.0'],0.5750000000000001
79,42.79913661,-7.105994193,43,0.10000000000000009,0.0,17.122968066801644,10043,42.79913661,-7.105994193,0,0.6296275510870877,0.9456095782485195,0.3222222222222223,1.0,"[8.0, 29.0, 10.0, 6.0, 17.0, 7.0, 7.0, 50.0, 1.0]","[10.0, 34.0, 10.0, 1.0, 13.0, 6.0, 11.0, 30.0, 1.0]",['1' '2' '0' '1'],['10.0' '10.0' '10.0' '10.0'],0.625
81,42.79913661,-7.105994193,43,0.10000000000000009,33.28661948271062,17.392013149605088,10044,42.55394717,-6.87239397,0,0.4846837612387497,0.8846475729070208,0.5444444444444445,1.0,"[8.0, 29.0, 10.0, 6.0, 17.0, 7.0, 7.0, 50.0, 1.0]","[8.0, 43.0, 10.0, 6.0, 2.0, 4.0, 2.0, 30.0, 1.0]",['1' '2' '0' '1'],['3.0' '3.0' '3.0' '3.0'],0.5333333333333333
80,42.96868436,-6.803534196,22,0.10000000000000009,46.45803491650913,18.960400211301604,10044,42.55394717,-6.87239397,0,0.6549828315106286,0.9879133840992527,0.5444444444444445,1.0,"[10.0, 45.0, 10.0, 6.0, 9.0, 6.0, 7.0, 30.0, 1.0]","[8.0, 43.0, 10.0, 6.0, 2.0, 4.0, 2.0, 30.0, 1.0]",['1' '1' '0' '1'],['3.0' '3.0' '3.0' '3.0'],0.7
83,41.8816939,-6.868514255,50,0.10000000000000009,46.074526918042736,22.28205361199952,10048,41.70495975,-7.371198359,0,0.43919663710940665,0.8841118539368159,0.5444444444444445,2.0,"[8.0, 18.0, 10.0, 6.0, 2.0, 5.0, 5.0, 20.0, 1.0]","[8.0, 19.0, 10.0, 1.0, 17.0, 12.0, 10.0, 20.0, 1.0]",['5' '2' '1' '1'],['1.0' '1.0' '1.0' '1.0'],0.9666666666666667
82,41.92742349,-7.559886354,32,0.10000000000000009,29.264748635704915,49.255523955378756,10048,41.70495975,-7.371198359,0,1.1485052030766019,0.9545965174021445,0.7666666666666668,4.0,"[8.0, 25.0, 10.0, 1.0, 13.0, 3.0, 10.0, 20.0, 1.0]","[8.0, 19.0, 10.0, 1.0, 17.0, 12.0, 10.0, 20.0, 1.0]",['1' '2' '0' '0'],['1.0' '1.0' '1.0' '1.0'],0.8
84,41.8816939,-6.868514255,50,0.10000000000000009,0.0,20.693700851750553,10050,41.8816939,-6.868514255,0,0.4224819010406717,0.95262844011701,0.43333333333333346,2.0,"[8.0, 18.0, 10.0, 6.0, 2.0, 5.0, 5.0, 20.0, 1.0]","[10.0, 25.0, 10.0, 1.0, 8.0, 1.0, 4.0, 20.0, 1.0]",['5' '2' '1' '1'],['1.0' '1.0' '1.0' '1.0'],0.5750000000000001
85,42.02430087,-7.182759536,16,0.10000000000000009,36.88289190372903,4.9177686676431,10051,41.79362024,-6.862490949,0,0.5259695834030892,0.0,0.21111111111111125,0.0,"[8.0, 46.0, 10.0, 1.0, 2.0, 7.0, 11.0, 50.0, 1.0]","[10.0, 44.0, 10.0, 6.0, 17.0, 12.0, nan, nan, nan]",['1' '0' '0' '0'],[nan nan nan nan],0.7
86,41.97007468,-7.347658251,36,0.10000000000000009,44.70175754716444,9.389020693649524,10051,41.79362024,-6.862490949,0,1.2411792365833842,0.0,0.3222222222222223,0.0,"[8.0, 39.0, 10.0, 6.0, 13.0, 4.0, 4.0, 30.0, 1.0]","[10.0, 44.0, 10.0, 6.0, 17.0, 12.0, nan, nan, nan]",['1' '2' '0' '1'],[nan nan nan nan],0.625
87,41.53440824,-7.071267664,46,0.10000000000000009,40.807883376612715,10.106741598562007,10052,41.87607842,-7.250705209,0,0.41015794928127663,0.8755945263033647,0.3222222222222223,1.0,"[10.0, 27.0, 2.0, 1.0, 17.0, 3.0, 2.0, 50.0, 1.0]","[8.0, 28.0, 2.0, 6.0, 18.0, 1.0, 9.0, 20.0, 1.0]",['4' '2' '0' '1'],['10.0' '10.0' '10.0' '10.0'],0.725
88,41.45302024,-6.411657209,39,0.10000000000000009,16.81651221744806,18.91991507792128,10053,41.37659153,-6.237641797,0,0.621377907599751,0.9663888457917051,0.43333333333333346,1.0,"[10.0, 33.0, 10.0, 6.0, 11.0, 10.0, 6.0, 30.0, 1.0]","[8.0, 26.0, 10.0, 1.0, 17.0, 6.0, 6.0, 20.0, 1.0]",['1' '2' '0' '0'],['3.0' '3.0' '3.0' '3.0'],0.5750000000000001
89,42.54631794,-7.685035474,17,0.10000000000000009,11.228585355825075,17.818834752018105,10054,42.63293889,-7.755535774,0,0.4885755377178022,0.9761345281063235,0.43333333333333346,1.0,"[8.0, 40.0, 10.0, 6.0, 9.0, 1.0, 11.0, 50.0, 1.0]","[10.0, 31.0, 10.0, 6.0, 1.0, 4.0, 8.0, 30.0, 1.0]",['1' '0' '0' '1'],['10.0' '10.0' '10.0' '10.0'],0.5249999999999999
91,42.34912347,-7.561901975,21,0.10000000000000009,35.327420715986,18.845460740409024,10054,42.63293889,-7.755535774,0,0.5749162306401315,0.9376006300812871,0.5444444444444445,1.0,"[8.0, 24.0, 10.0, 6.0, 13.0, 12.0, 6.0, 30.0, 1.0]","[10.0, 31.0, 10.0, 6.0, 1.0, 4.0, 8.0, 30.0, 1.0]",['1' '1' '0' '1'],['10.0' '10.0' '10.0' '10.0'],0.5750000000000001
90,42.51453735,-7.784839061,18,0.10000000000000009,13.382522589585513,16.6898316080784,10054,42.63293889,-7.755535774,0,0.5187991954234183,0.9159951589829513,0.43333333333333346,1.0,"[8.0, 21.0, 10.0, 1.0, 1.0, 1.0, 9.0, 50.0, 1.0]","[10.0, 31.0, 10.0, 6.0, 1.0, 4.0, 8.0, 30.0, 1.0]",['1' '1' '0' '1'],['10.0' '10.0' '10.0' '10.0'],0.5
94,41.98854273,-8.36811147,29,0.10000000000000009,7.391302939750101,26.71306180556837,10055,42.04265345,-8.316147862,0,0.5123205090564639,0.8847470283585838,0.5444444444444445,2.0,"[8.0, 34.0, 2.0, 6.0, 11.0, 8.0, -1.0, 50.0, 1.0]","[8.0, 22.0, 2.0, 6.0, 18.0, 7.0, 8.0, 20.0, 1.0]",['1' '2' '0' '1'],['1.0' '1.0' '1.0' '1.0'],0.6
95,41.34802412,-7.419638133,33,0.10000000000000009,36.86192327670065,18.743918235831917,10056,41.17448375,-7.795388629,0,0.5162735198052036,0.9786570355132693,0.5444444444444445,1.0,"[8.0, 37.0, 10.0, 6.0, 1.0, 10.0, 8.0, 50.0, 1.0]","[8.0, 49.0, 10.0, 1.0, 11.0, 12.0, 11.0, 50.0, 1.0]",['1' '2' '0' '1'],['1.0' '1.0' '1.0' '1.0'],0.6
100,41.92328694,-8.219124684,34,0.10000000000000009,32.20184494285036,14.855491100559929,10058,42.00618249,-7.845944208,0,0.6177667276318233,0.0,0.43333333333333346,1.0,"[8.0, 26.0, 10.0, 1.0, 1.0, 6.0, 5.0, 20.0, 1.0]","[8.0, 32.0, 10.0, 6.0, 9.0, 6.0, nan, nan, nan]",['1' '2' '0' '1'],[nan nan nan nan],0.8
97,42.34912347,-7.561901975,21,0.10000000000000009,44.743465342517986,16.71614753564496,10058,42.00618249,-7.845944208,0,1.517430746694169,0.0,0.43333333333333346,1.0,"[8.0, 24.0, 10.0, 6.0, 13.0, 12.0, 6.0, 30.0, 1.0]","[8.0, 32.0, 10.0, 6.0, 9.0, 6.0, nan, nan, nan]",['1' '1' '0' '1'],[nan nan nan nan],0.7333333333333333
101,41.97007468,-7.347658251,36,0.10000000000000009,41.378201859202186,22.09062603981349,10058,42.00618249,-7.845944208,0,2.077232626116745,0.0,0.43333333333333346,2.0,"[8.0, 39.0, 10.0, 6.0, 13.0, 4.0, 4.0, 30.0, 1.0]","[8.0, 32.0, 10.0, 6.0, 9.0, 6.0, nan, nan, nan]",['1' '2' '0' '1'],[nan nan nan nan],0.7666666666666667
103,42.7005374,-7.477429664,10,0.10000000000000009,29.74551775404448,7.423701855309699,10059,42.96013789,-7.565462442,0,0.6568141386588671,0.0,0.3222222222222223,0.0,"[8.0, 26.0, 5.0, 1.0, 2.0, 5.0, 5.0, 20.0, 1.0]","[8.0, 18.0, 2.0, 1.0, 18.0, 4.0, nan, nan, nan]",['1' '0' '1' '1'],[nan nan nan nan],0.5133333333333333
106,41.98459123,-7.849340089,14,0.10000000000000009,42.06901998929156,19.760921689684814,10061,41.91883702,-8.350314053,0,1.0411543624255066,0.9706747470642131,0.5444444444444445,1.0,"[10.0, 19.0, 10.0, 6.0, 13.0, 7.0, 10.0, 20.0, 1.0]","[8.0, 27.0, 10.0, 6.0, 18.0, 12.0, 6.0, 20.0, 1.0]",['1' '0' '0' '1'],['1.0' '1.0' '1.0' '1.0'],0.5499999999999999
105,41.85767914,-8.264957351,6,0.10000000000000009,9.806662123817645,22.85583955459713,10061,41.91883702,-8.350314053,0,0.5855776305055201,0.8664277506199957,0.43333333333333346,2.0,"[10.0, 25.0, 10.0, 6.0, 17.0, 3.0, 2.0, 50.0, 1.0]","[8.0, 27.0, 10.0, 6.0, 18.0, 12.0, 6.0, 20.0, 1.0]",['1' '0' '0' '0'],['1.0' '1.0' '1.0' '1.0'],0.7
107,41.92328694,-8.219124684,34,0.10000000000000009,10.865402952108695,37.67455410820398,10061,41.91883702,-8.350314053,0,0.48706052953802353,0.9007673895809806,0.5444444444444445,3.0,"[8.0, 26.0, 10.0, 1.0, 1.0, 6.0, 5.0, 20.0, 1.0]","[8.0, 27.0, 10.0, 6.0, 18.0, 12.0, 6.0, 20.0, 1.0]",['1' '2' '0' '1'],['1.0' '1.0' '1.0' '1.0'],0.9666666666666667
109,42.96868436,-6.803534196,22,0.10000000000000009,26.156892656716437,9.779138506685545,10062,43.18606421,-6.926607001,0,0.4336604686280888,0.9723401556269476,0.3222222222222223,0.0,"[10.0, 45.0, 10.0, 6.0, 9.0, 6.0, 7.0, 30.0, 1.0]","[8.0, 55.0, 10.0, 1.0, 10.0, 7.0, -1.0, 50.0, 1.0]",['1' '1' '0' '1'],['1.0' '1.0' '1.0' '1.0'],0.5
108,42.95903,-7.363269908,4,0.10000000000000009,43.535418998364015,17.6304682916642,10062,43.18606421,-6.926607001,0,0.45205685870711737,0.967209991361954,0.5444444444444445,1.0,"[8.0, 45.0, 10.0, 1.0, 8.0, 1.0, 10.0, 30.0, 1.0]","[8.0, 55.0, 10.0, 1.0, 10.0, 7.0, -1.0, 50.0, 1.0]",['1' '0' '0' '1'],['1.0' '1.0' '1.0' '1.0'],0.6666666666666666
113,41.78885768,-8.011604404,28,0.10000000000000009,29.77456800369238,30.905320332634844,10064,41.53279068,-7.906805506,0,1.386024414068595,0.9610974909920927,0.5444444444444445,3.0,"[10.0, 40.0, 10.0, 6.0, 20.0, 8.0, 8.0, 50.0, 1.0]","[8.0, 43.0, 10.0, 6.0, 13.0, 8.0, 10.0, 30.0, 1.0]",['1' '1' '0' '0'],['10.0' '10.0' '10.0' '10.0'],0.675
112,41.70253802,-7.94881965,23,0.10000000000000009,19.195450229248248,23.549249999187303,10064,41.53279068,-7.906805506,0,0.5125576627370579,0.9648256854690962,0.43333333333333346,2.0,"[8.0, 48.0, 10.0, 1.0, 11.0, 5.0, 2.0, 20.0, 1.0]","[8.0, 43.0, 10.0, 6.0, 13.0, 8.0, 10.0, 30.0, 1.0]",['1' '1' '0' '1'],['10.0' '10.0' '10.0' '10.0'],0.8333333333333334
114,41.34802412,-7.419638133,33,0.10000000000000009,45.509937715587085,21.56363089991799,10064,41.53279068,-7.906805506,0,0.711558878673564,0.9292682312599512,0.5444444444444445,2.0,"[8.0, 37.0, 10.0, 6.0, 1.0, 10.0, 8.0, 50.0, 1.0]","[8.0, 43.0, 10.0, 6.0, 13.0, 8.0, 10.0, 30.0, 1.0]",['1' '2' '0' '1'],['10.0' '10.0' '10.0' '10.0'],0.8
115,41.92770916,-7.795507059,7,0.10000000000000009,6.257360833146257,58.37677381981159,10066,41.93290438,-7.720189017,0,0.9004170922291957,0.9969076224479483,0.6555555555555557,5.0,"[10.0, 53.0, 2.0, 1.0, 18.0, 3.0, 5.0, 50.0, 1.0]","[10.0, 54.0, 2.0, 6.0, 20.0, 6.0, 5.0, 50.0, 1.0]",['1' '0' '0' '1'],['1.0' '1.0' '1.0' '1.0'],0.9666666666666667
117,41.28341653,-6.539602414,41,0.10000000000000009,27.52945887715047,17.66146541225732,10067,41.05013059,-6.429476986,0,0.43129120371321195,0.9640291840530035,0.43333333333333346,1.0,"[10.0, 42.0, 10.0, 1.0, 2.0, 3.0, 7.0, 50.0, 1.0]","[10.0, 33.0, 10.0, 6.0, 10.0, 1.0, 8.0, 30.0, 1.0]",['1' '2' '0' '1'],['1.0' '1.0' '1.0' '1.0'],0.7
116,41.45302024,-6.411657209,39,0.10000000000000009,44.82404658947376,43.72443634863136,10067,41.05013059,-6.429476986,0,0.9904343762192849,0.9825304038085276,0.7666666666666668,4.0,"[10.0, 33.0, 10.0, 6.0, 11.0, 10.0, 6.0, 30.0, 1.0]","[10.0, 33.0, 10.0, 6.0, 10.0, 1.0, 8.0, 30.0, 1.0]",['1' '2' '0' '0'],['1.0' '1.0' '1.0' '1.0'],1.0
118,41.27173559,-7.095569613,12,0.10000000000000009,17.139536678389327,19.10546899802167,10069,41.37069471,-7.252926738,0,0.39346094034325924,0.9355287039738942,0.43333333333333346,1.0,"[10.0, 40.0, 10.0, 6.0, 13.0, 8.0, 6.0, 20.0, 1.0]","[8.0, 37.0, 10.0, 6.0, 1.0, 4.0, -1.0, 30.0, 1.0]",['1' '0' '0' '1'],['10.0' '10.0' '10.0' '10.0'],0.675
121,41.56371467,-7.563836094,45,0.10000000000000009,33.64155220141045,20.288338497003615,10069,41.37069471,-7.252926738,0,0.3981173015574831,0.9173017221773107,0.6555555555555557,2.0,"[8.0, 37.0, 5.0, 6.0, 20.0, 7.0, 7.0, 30.0, 1.0]","[8.0, 37.0, 10.0, 6.0, 1.0, 4.0, -1.0, 30.0, 1.0]",['4' '2' '1' '1'],['10.0' '10.0' '10.0' '10.0'],0.5
120,41.34802412,-7.419638133,33,0.10000000000000009,14.140359843938102,59.888550690887236,10069,41.37069471,-7.252926738,0,0.5953899804371864,0.9559383398991798,0.7666666666666668,5.0,"[8.0, 37.0, 10.0, 6.0, 1.0, 10.0, 8.0, 50.0, 1.0]","[8.0, 37.0, 10.0, 6.0, 1.0, 4.0, -1.0, 30.0, 1.0]",['1' '2' '0' '1'],['10.0' '10.0' '10.0' '10.0'],1.0
123,41.85767914,-8.264957351,6,0.10000000000000009,40.30258943384987,14.024977942196351,10070,41.49541953,-8.249234994,0,0.46404172657389736,0.8908962397307558,0.43333333333333346,1.0,"[10.0, 25.0, 10.0, 6.0, 17.0, 3.0, 2.0, 50.0, 1.0]","[8.0, 28.0, 10.0, 6.0, 9.0, 5.0, -1.0, 20.0, 1.0]",['1' '0' '0' '0'],['3.0' '3.0' '3.0' '3.0'],0.675
124,41.92328694,-8.219124684,34,0.10000000000000009,47.64229436865464,20.873790622132933,10070,41.49541953,-8.249234994,0,0.3783247401997242,0.9556677755468709,0.5444444444444445,2.0,"[8.0, 26.0, 10.0, 1.0, 1.0, 6.0, 5.0, 20.0, 1.0]","[8.0, 28.0, 10.0, 6.0, 9.0, 5.0, -1.0, 20.0, 1.0]",['1' '2' '0' '1'],['3.0' '3.0' '3.0' '3.0'],0.9333333333333333
122,41.58138476,-8.508512416,1,0.10000000000000009,23.60214271009998,16.113648663653574,10070,41.49541953,-8.249234994,0,0.3960262109448521,0.8468292098007527,0.43333333333333346,1.0,"[10.0, 23.0, 10.0, 6.0, 2.0, 3.0, 7.0, 50.0, 1.0]","[8.0, 28.0, 10.0, 6.0, 9.0, 5.0, -1.0, 20.0, 1.0]",['1' '0' '0' '1'],['3.0' '3.0' '3.0' '3.0'],0.625
127,41.8816939,-6.868514255,50,0.10000000000000009,21.344007649217414,19.083537891758084,10071,41.6897432,-6.869142913,0,0.4964180919240232,0.9502726910393406,0.43333333333333346,1.0,"[8.0, 18.0, 10.0, 6.0, 2.0, 5.0, 5.0, 20.0, 1.0]","[10.0, 21.0, 10.0, 1.0, 10.0, 4.0, 10.0, 20.0, 1.0]",['5' '2' '1' '1'],['10.0' '10.0' '10.0' '10.0'],0.675
126,41.45302024,-6.411657209,39,0.10000000000000009,46.27337537751971,12.162008523288293,10071,41.6897432,-6.869142913,0,0.5365675010433257,0.9671523369800578,0.43333333333333346,1.0,"[10.0, 33.0, 10.0, 6.0, 11.0, 10.0, 6.0, 30.0, 1.0]","[10.0, 21.0, 10.0, 1.0, 10.0, 4.0, 10.0, 20.0, 1.0]",['1' '2' '0' '0'],['10.0' '10.0' '10.0' '10.0'],0.6
125,41.41469164,-6.875651556,26,0.10000000000000009,30.58913312161101,41.75933643347165,10071,41.6897432,-6.869142913,0,1.2734647674747666,0.9867561379010619,0.6555555555555557,4.0,"[10.0, 27.0, 10.0, 1.0, 17.0, 6.0, 10.0, 30.0, 1.0]","[10.0, 21.0, 10.0, 1.0, 10.0, 4.0, 10.0, 20.0, 1.0]",['1' '1' '0' '0'],['10.0' '10.0' '10.0' '10.0'],0.8
128,42.25371008,-6.038611305,8,0.10000000000000009,49.836364201622985,23.22121280695148,10075,41.94248326,-6.473261638,0,0.7653712050344418,0.988560532262991,0.6555555555555557,2.0,"[8.0, 35.0, 10.0, 1.0, 13.0, 7.0, 6.0, 30.0, 1.0]","[10.0, 37.0, 10.0, 1.0, 13.0, 5.0, -1.0, 30.0, 1.0]",['1' '0' '0' '0'],['10.0' '10.0' '10.0' '10.0'],0.7
131,41.34802412,-7.419638133,33,0.10000000000000009,41.50445174484737,13.220845425876616,10077,41.71269106,-7.313274702,0,0.4192541576037296,0.9307713318890608,0.43333333333333346,1.0,"[8.0, 37.0, 10.0, 6.0, 1.0, 10.0, 8.0, 50.0, 1.0]","[10.0, 41.0, 10.0, 6.0, 11.0, 3.0, 2.0, 30.0, 1.0]",['1' '2' '0' '1'],['1.0' '1.0' '1.0' '1.0'],0.65
130,41.41469164,-6.875651556,26,0.10000000000000009,49.23036960766779,13.380322805876451,10077,41.71269106,-7.313274702,0,0.46828454385543783,0.9451137380998078,0.5444444444444445,1.0,"[10.0, 27.0, 10.0, 1.0, 17.0, 6.0, 10.0, 30.0, 1.0]","[10.0, 41.0, 10.0, 6.0, 11.0, 3.0, 2.0, 30.0, 1.0]",['1' '1' '0' '0'],['1.0' '1.0' '1.0' '1.0'],0.5333333333333333
132,41.97007468,-7.347658251,36,0.10000000000000009,28.76113912286393,32.8863656042081,10077,41.71269106,-7.313274702,0,1.4354721108275612,0.9973051213476751,0.5444444444444445,3.0,"[8.0, 39.0, 10.0, 6.0, 13.0, 4.0, 4.0, 30.0, 1.0]","[10.0, 41.0, 10.0, 6.0, 11.0, 3.0, 2.0, 30.0, 1.0]",['1' '2' '0' '1'],['1.0' '1.0' '1.0' '1.0'],0.7
134,41.8816939,-6.868514255,50,0.10000000000000009,31.99955830616762,32.76925466785984,10078,42.16933968,-6.880298077,0,0.9959111968873138,0.9743382954134792,0.6555555555555557,3.0,"[8.0, 18.0, 10.0, 6.0, 2.0, 5.0, 5.0, 20.0, 1.0]","[8.0, 28.0, 10.0, 6.0, 1.0, 7.0, 9.0, 20.0, 1.0]",['5' '2' '1' '1'],['10.0' '10.0' '10.0' '10.0'],0.6666666666666666
133,41.97007468,-7.347658251,36,0.10000000000000009,44.4877148377734,17.158776694773284,10078,42.16933968,-6.880298077,0,0.5320098010631423,0.952272376354864,0.5444444444444445,1.0,"[8.0, 39.0, 10.0, 6.0, 13.0, 4.0, 4.0, 30.0, 1.0]","[8.0, 28.0, 10.0, 6.0, 1.0, 7.0, 9.0, 20.0, 1.0]",['1' '2' '0' '1'],['10.0' '10.0' '10.0' '10.0'],0.6333333333333333
135,42.95903,-7.363269908,4,0.10000000000000009,13.29553055731318,13.024876900121342,10081,42.84892784,-7.426929638,0,0.4654276233388914,0.9800880346705291,0.3222222222222223,1.0,"[8.0, 45.0, 10.0, 1.0, 8.0, 1.0, 10.0, 30.0, 1.0]","[10.0, 52.0, 10.0, 6.0, 13.0, 6.0, 11.0, 50.0, 1.0]",['1' '0' '0' '1'],['1.0' '1.0' '1.0' '1.0'],0.5750000000000001
137,42.41342687,-7.468550792,42,0.10000000000000009,48.54505849930118,26.85489366112724,10081,42.84892784,-7.426929638,0,0.8219267745002585,0.9843077756686204,0.6555555555555557,2.0,"[10.0, 46.0, 10.0, 6.0, 20.0, 10.0, 2.0, 50.0, 1.0]","[10.0, 52.0, 10.0, 6.0, 13.0, 6.0, 11.0, 50.0, 1.0]",['1' '2' '0' '1'],['1.0' '1.0' '1.0' '1.0'],0.8
136,42.55889126,-7.624810202,30,0.10000000000000009,36.077040395725675,18.00006275890345,10081,42.84892784,-7.426929638,0,1.2561333930283691,0.9719053650101853,0.43333333333333346,1.0,"[8.0, 44.0, 10.0, 6.0, 20.0, 5.0, 10.0, 30.0, 1.0]","[10.0, 52.0, 10.0, 6.0, 13.0, 6.0, 11.0, 50.0, 1.0]",['1' '2' '0' '1'],['1.0' '1.0' '1.0' '1.0'],0.5499999999999999
139,41.98459123,-7.849340089,14,0.10000000000000009,34.01542624604584,50.17783493970609,10085,42.24942133,-8.055759804,0,1.0462856858153555,0.9640829527428137,0.7666666666666668,5.0,"[10.0, 19.0, 10.0, 6.0, 13.0, 7.0, 10.0, 20.0, 1.0]","[10.0, 21.0, 10.0, 6.0, 8.0, 7.0, 2.0, 20.0, 1.0]",['1' '0' '0' '1'],['1.0' '1.0' '1.0' '1.0'],0.9333333333333333
138,41.85767914,-8.264957351,6,0.10000000000000009,46.85913106277795,28.717258122330676,10085,42.24942133,-8.055759804,0,0.7833749349214922,0.9190044177680636,0.6555555555555557,2.0,"[10.0, 25.0, 10.0, 6.0, 17.0, 3.0, 2.0, 50.0, 1.0]","[10.0, 21.0, 10.0, 6.0, 8.0, 7.0, 2.0, 20.0, 1.0]",['1' '0' '0' '0'],['1.0' '1.0' '1.0' '1.0'],0.8666666666666667
143,42.08412693,-7.698188046,37,0.10000000000000009,34.73180090477618,16.805386618683908,10085,42.24942133,-8.055759804,0,0.49870133312862464,0.9536473427789235,0.43333333333333346,1.0,"[8.0, 22.0, 10.0, 1.0, 8.0, 3.0, 7.0, 30.0, 1.0]","[10.0, 21.0, 10.0, 6.0, 8.0, 7.0, 2.0, 20.0, 1.0]",['1' '2' '0' '0'],['1.0' '1.0' '1.0' '1.0'],0.725
144,42.51453735,-7.784839061,18,0.10000000000000009,31.153976951741114,15.606086458365969,10087,42.58063008,-8.154408263,0,0.39525710775075545,0.8781606427567329,0.43333333333333346,1.0,"[8.0, 21.0, 10.0, 1.0, 1.0, 1.0, 9.0, 50.0, 1.0]","[10.0, 18.0, 10.0, 1.0, 8.0, 7.0, 4.0, 20.0, 1.0]",['1' '1' '0' '1'],['10.0' '10.0' '10.0' '10.0'],0.675
146,42.04265345,-8.316147862,55,0.10000000000000009,47.609578626192345,17.096872231802173,10091,41.64919391,-8.542823524,0,0.9726684379618598,0.9603251964681881,0.5444444444444445,1.0,"[8.0, 41.0, 5.0, 6.0, 11.0, 4.0, 5.0, 20.0, 1.0]","[8.0, 34.0, 2.0, 6.0, 17.0, 4.0, 6.0, 30.0, 1.0]",['6' '2' '1' '1'],['10.0' '10.0' '10.0' '10.0'],0.5366666666666666
145,41.98854273,-8.36811147,29,0.10000000000000009,40.416084703220555,33.69897701353017,10091,41.64919391,-8.542823524,0,0.5559821026713617,0.9463760658402216,0.6555555555555557,3.0,"[8.0, 34.0, 2.0, 6.0, 11.0, 8.0, -1.0, 50.0, 1.0]","[8.0, 34.0, 2.0, 6.0, 17.0, 4.0, 6.0, 30.0, 1.0]",['1' '2' '0' '1'],['10.0' '10.0' '10.0' '10.0'],1.0
147,40.1378886,-8.707801379,38,0.10000000000000009,47.9999014980672,17.69913865758736,10092,39.72754881,-8.88259037,0,0.6462886277138139,0.9185640813514419,0.6555555555555557,1.0,"[8.0, 22.0, 10.0, 1.0, 2.0, 8.0, -1.0, 50.0, 1.0]","[10.0, 32.0, 10.0, 1.0, 2.0, 8.0, 4.0, 30.0, 1.0]",['1' '2' '0' '0'],['3.0' '3.0' '3.0' '3.0'],0.5
148,41.45302024,-6.411657209,39,0.10000000000000009,31.45914478255618,18.894509632420405,10094,41.73022609,-6.336019811,0,0.6432997040421486,0.983190380182979,0.43333333333333346,1.0,"[10.0, 33.0, 10.0, 6.0, 11.0, 10.0, 6.0, 30.0, 1.0]","[8.0, 32.0, 10.0, 1.0, 13.0, 3.0, 5.0, 30.0, 1.0]",['1' '2' '0' '0'],['10.0' '10.0' '10.0' '10.0'],0.725
149,41.8816939,-6.868514255,50,0.10000000000000009,47.2403192156101,13.837879692244194,10094,41.73022609,-6.336019811,0,0.45900636051671,0.9430805510478154,0.5444444444444445,1.0,"[8.0, 18.0, 10.0, 6.0, 2.0, 5.0, 5.0, 20.0, 1.0]","[8.0, 32.0, 10.0, 1.0, 13.0, 3.0, 5.0, 30.0, 1.0]",['5' '2' '1' '1'],['10.0' '10.0' '10.0' '10.0'],0.5333333333333333
150,41.34802412,-7.419638133,33,0.10000000000000009,33.50000036580698,13.322439242968597,10096,41.1981227,-7.767352579,0,0.4606202886952615,0.9010111822351697,0.43333333333333346,1.0,"[8.0, 37.0, 10.0, 6.0, 1.0, 10.0, 8.0, 50.0, 1.0]","[10.0, 29.0, 10.0, 6.0, 10.0, 12.0, 2.0, 20.0, 1.0]",['1' '2' '0' '1'],['1.0' '1.0' '1.0' '1.0'],0.5499999999999999
151,41.87607842,-7.250705209,52,0.10000000000000009,44.864034837625255,13.596493751172913,10097,42.27342955,-7.345027388,0,0.5790644446291158,0.971644719454623,0.43333333333333346,1.0,"[10.0, 18.0, 5.0, 1.0, 13.0, 8.0, 6.0, 20.0, 1.0]","[10.0, 20.0, 2.0, 6.0, 10.0, 12.0, 9.0, 20.0, 1.0]",['6' '2' '1' '1'],['10.0' '10.0' '10.0' '10.0'],0.6533333333333333
152,42.83335972,-7.047363952,27,0.10000000000000009,47.07795587236763,11.996709325154983,10099,42.81176097,-7.623851372,0,0.7968329054045509,0.0,0.43333333333333346,1.0,"[8.0, 35.0, 2.0, 1.0, 2.0, 4.0, 7.0, 30.0, 1.0]","[10.0, 35.0, 2.0, 6.0, 2.0, 10.0, nan, nan, nan]",['1' '1' '0' '1'],[nan nan nan nan],0.75
153,42.63293889,-7.755535774,54,0.10000000000000009,22.60741119338627,5.460293605033212,10099,42.81176097,-7.623851372,0,0.4804368880429532,0.0,0.21111111111111125,0.0,"[10.0, 37.0, 5.0, 1.0, 13.0, 7.0, 10.0, 20.0, 1.0]","[10.0, 35.0, 2.0, 6.0, 2.0, 10.0, nan, nan, nan]",['6' '2' '1' '1'],[nan nan nan nan],0.6533333333333333
154,42.50134548,-6.212813029,35,0.10000000000000009,49.38711980342726,25.512512616966404,10105,42.38368415,-6.793175941,0,1.1889268227196763,0.9769325382071703,0.6555555555555557,2.0,"[10.0, 34.0, 10.0, 6.0, 9.0, 6.0, 6.0, 30.0, 1.0]","[8.0, 38.0, 10.0, 6.0, 20.0, 6.0, 11.0, 30.0, 1.0]",['1' '0' '0' '0'],['10.0' '10.0' '10.0' '10.0'],0.65
156,42.79913661,-7.105994193,43,0.10000000000000009,46.30571941114189,7.67384038242365,10106,42.41399254,-6.890808715,0,0.30163618181647817,0.8818827499309098,0.3222222222222223,0.0,"[8.0, 29.0, 10.0, 6.0, 17.0, 7.0, 7.0, 50.0, 1.0]","[10.0, 24.0, 10.0, 1.0, 2.0, 10.0, -1.0, 20.0, 1.0]",['1' '2' '0' '1'],['3.0' '3.0' '3.0' '3.0'],0.625
155,42.70008095,-6.655188721,24,0.10000000000000009,37.20778505707768,28.466047011045465,10106,42.41399254,-6.890808715,0,0.7114453338465822,0.9821887831630927,0.6555555555555557,2.0,"[8.0, 22.0, 10.0, 1.0, 2.0, 6.0, 4.0, 20.0, 1.0]","[10.0, 24.0, 10.0, 1.0, 2.0, 10.0, -1.0, 20.0, 1.0]",['1' '1' '0' '1'],['3.0' '3.0' '3.0' '3.0'],0.7
157,43.14136073,-7.031288239,9,0.10000000000000009,39.41342664523323,32.71956279144716,10108,43.03494971,-6.56832447,0,0.5046225553282587,0.9491463734529857,0.6555555555555557,3.0,"[8.0, 30.0, 10.0, 1.0, 9.0, 1.0, -1.0, 50.0, 1.0]","[8.0, 31.0, 10.0, 1.0, 9.0, 6.0, 6.0, 30.0, 1.0]",['1' '0' '0' '1'],['1.0' '1.0' '1.0' '1.0'],0.9666666666666667
158,42.70008095,-6.655188721,24,0.10000000000000009,37.90268172093343,29.349740161741867,10108,43.03494971,-6.56832447,0,0.8283803388260302,0.9827628324321828,0.6555555555555557,2.0,"[8.0, 22.0, 10.0, 1.0, 2.0, 6.0, 4.0, 20.0, 1.0]","[8.0, 31.0, 10.0, 1.0, 9.0, 6.0, 6.0, 30.0, 1.0]",['1' '1' '0' '1'],['1.0' '1.0' '1.0' '1.0'],0.7
160,41.92742349,-7.559886354,32,0.10000000000000009,29.929602858233093,32.58300269171843,10113,41.66018643,-7.516770693,0,0.6988193907741125,0.978551857053171,0.5444444444444445,3.0,"[8.0, 25.0, 10.0, 1.0, 13.0, 3.0, 10.0, 20.0, 1.0]","[8.0, 26.0, 10.0, 6.0, 10.0, 8.0, 8.0, 20.0, 1.0]",['1' '2' '0' '0'],['1.0' '1.0' '1.0' '1.0'],0.9666666666666667
159,41.98459123,-7.849340089,14,0.10000000000000009,45.39429282160573,23.951921676928034,10113,41.66018643,-7.516770693,0,1.736475206992878,0.9784479905264791,0.5444444444444445,2.0,"[10.0, 19.0, 10.0, 6.0, 13.0, 7.0, 10.0, 20.0, 1.0]","[8.0, 26.0, 10.0, 6.0, 10.0, 8.0, 8.0, 20.0, 1.0]",['1' '0' '0' '1'],['1.0' '1.0' '1.0' '1.0'],0.5750000000000001
161,41.34802412,-7.419638133,33,0.10000000000000009,35.640855566720774,26.050510892024118,10113,41.66018643,-7.516770693,0,0.6521168390118313,0.9177641232744027,0.6555555555555557,2.0,"[8.0, 37.0, 10.0, 6.0, 1.0, 10.0, 8.0, 50.0, 1.0]","[8.0, 26.0, 10.0, 6.0, 10.0, 8.0, 8.0, 20.0, 1.0]",['1' '2' '0' '1'],['1.0' '1.0' '1.0' '1.0'],0.6333333333333333
164,41.98854273,-8.36811147,29,0.10000000000000009,12.592633543581659,22.531750217492498,10114,42.08544891,-8.447016111,0,0.33435744345507856,0.9239091152754217,0.43333333333333346,2.0,"[8.0, 34.0, 2.0, 6.0, 11.0, 8.0, -1.0, 50.0, 1.0]","[8.0, 40.0, 2.0, 1.0, 1.0, 10.0, 6.0, 30.0, 1.0]",['1' '2' '0' '1'],['1.0' '1.0' '1.0' '1.0'],0.8
165,42.04265345,-8.316147862,55,0.10000000000000009,11.804878614383385,14.262541865890315,10114,42.08544891,-8.447016111,0,0.36913763187407866,0.9485196771784947,0.3222222222222223,1.0,"[8.0, 41.0, 5.0, 6.0, 11.0, 4.0, 5.0, 20.0, 1.0]","[8.0, 40.0, 2.0, 1.0, 1.0, 10.0, 6.0, 30.0, 1.0]",['6' '2' '1' '1'],['1.0' '1.0' '1.0' '1.0'],0.6766666666666666
166,42.11415529,-8.216371286,15,0.10000000000000009,40.477595728093355,9.27407728655952,10115,42.39018663,-8.536989559,0,0.43400444140212463,0.9363520390709,0.3222222222222223,0.0,"[8.0, 52.0, 10.0, 6.0, 11.0, 4.0, 5.0, 20.0, 1.0]","[10.0, 57.0, 10.0, 1.0, 18.0, 8.0, 2.0, 50.0, 1.0]",['1' '0' '0' '0'],['10.0' '10.0' '10.0' '10.0'],0.625
167,42.62970066,-8.226109014,31,0.10000000000000009,36.85989346484672,18.55017735319218,10115,42.39018663,-8.536989559,0,0.7221484954500151,0.9863522013681284,0.5444444444444445,1.0,"[8.0, 48.0, 10.0, 1.0, 13.0, 4.0, 11.0, 50.0, 1.0]","[10.0, 57.0, 10.0, 1.0, 18.0, 8.0, 2.0, 50.0, 1.0]",['1' '2' '0' '0'],['10.0' '10.0' '10.0' '10.0'],0.5249999999999999
211,42.02430087,-7.182759536,16,0.10000000000000009,24.49407135026429,47.09199020745045,10122,41.84371437,-7.352325934,0,1.539681799094854,0.9920603408873208,0.7666666666666668,4.0,"[8.0, 46.0, 10.0, 1.0, 2.0, 7.0, 11.0, 50.0, 1.0]","[10.0, 53.0, 10.0, 1.0, 2.0, 7.0, 4.0, 50.0, 1.0]",['1' '0' '0' '0'],['10.0' '10.0' '10.0' '10.0'],0.5750000000000001
168,41.89749354,-7.923801582,3,0.10000000000000009,47.69545800490658,24.778124421568993,10122,41.84371437,-7.352325934,0,0.8378417336735046,0.9784794803203772,0.6555555555555557,2.0,"[8.0, 51.0, 10.0, 1.0, 17.0, 7.0, 7.0, 50.0, 1.0]","[10.0, 53.0, 10.0, 1.0, 2.0, 7.0, 4.0, 50.0, 1.0]",['1' '1' '0' '1'],['10.0' '10.0' '10.0' '10.0'],0.7
169,42.02430087,-7.182759536,16,0.10000000000000009,24.49407135026429,47.09199020745045,10122,41.84371437,-7.352325934,0,1.539681799094854,0.9920603408873208,0.7666666666666668,4.0,"[8.0, 46.0, 10.0, 1.0, 2.0, 7.0, 11.0, 50.0, 1.0]","[10.0, 53.0, 10.0, 1.0, 2.0, 7.0, 4.0, 50.0, 1.0]",['1' '0' '0' '0'],['10.0' '10.0' '10.0' '10.0'],0.5750000000000001
171,41.98459123,-7.849340089,14,0.10000000000000009,30.40801472138405,36.86287245445675,10123,41.71769167,-7.769371714,0,1.5423581056334759,0.9688561835507683,0.6555555555555557,3.0,"[10.0, 19.0, 10.0, 6.0, 13.0, 7.0, 10.0, 20.0, 1.0]","[10.0, 31.0, 10.0, 6.0, 10.0, 6.0, 10.0, 30.0, 1.0]",['1' '0' '0' '1'],['10.0' '10.0' '10.0' '10.0'],0.6
213,41.98459123,-7.849340089,14,0.10000000000000009,30.40801472138405,36.86287245445675,10123,41.71769167,-7.769371714,0,1.5423581056334759,0.9688561835507683,0.6555555555555557,3.0,"[10.0, 19.0, 10.0, 6.0, 13.0, 7.0, 10.0, 20.0, 1.0]","[10.0, 31.0, 10.0, 6.0, 10.0, 6.0, 10.0, 30.0, 1.0]",['1' '0' '0' '1'],['10.0' '10.0' '10.0' '10.0'],0.6
214,41.78885768,-8.011604404,28,0.10000000000000009,21.596094563434853,31.798225475166248,10123,41.71769167,-7.769371714,0,1.036202693571026,0.9807980995573432,0.5444444444444445,3.0,"[10.0, 40.0, 10.0, 6.0, 20.0, 8.0, 8.0, 50.0, 1.0]","[10.0, 31.0, 10.0, 6.0, 10.0, 6.0, 10.0, 30.0, 1.0]",['1' '1' '0' '0'],['10.0' '10.0' '10.0' '10.0'],0.7
177,41.98854273,-8.36811147,29,0.10000000000000009,42.62181567592128,33.29156754749221,10124,41.9757788,-7.85275048,0,0.7341544987356229,0.943152458981119,0.7666666666666668,3.0,"[8.0, 34.0, 2.0, 6.0, 11.0, 8.0, -1.0, 50.0, 1.0]","[10.0, 34.0, 2.0, 6.0, 11.0, 8.0, 10.0, 30.0, 1.0]",['1' '2' '0' '1'],['3.0' '3.0' '3.0' '3.0'],0.75
219,41.98854273,-8.36811147,29,0.10000000000000009,42.62181567592128,33.29156754749221,10124,41.9757788,-7.85275048,0,0.7341544987356229,0.943152458981119,0.7666666666666668,3.0,"[8.0, 34.0, 2.0, 6.0, 11.0, 8.0, -1.0, 50.0, 1.0]","[10.0, 34.0, 2.0, 6.0, 11.0, 8.0, 10.0, 30.0, 1.0]",['1' '2' '0' '1'],['3.0' '3.0' '3.0' '3.0'],0.75
220,42.87445275,-7.73327165,49,0.10000000000000009,42.158363881613475,11.688019973753551,10129,42.49551362,-7.750028426,0,0.8531736232003686,0.0,0.43333333333333346,1.0,"[2.0, 54.0, 10.0, 6.0, 9.0, 1.0, -1.0, 50.0, 0.0]","[2.0, 43.0, 10.0, 6.0, 17.0, 7.0, nan, nan, nan]",['5' '2' '1' '1'],[nan nan nan nan],0.6333333333333333
178,42.87445275,-7.73327165,49,0.10000000000000009,42.158363881613475,11.688019973753551,10129,42.49551362,-7.750028426,0,0.8531736232003686,0.0,0.43333333333333346,1.0,"[2.0, 54.0, 10.0, 6.0, 9.0, 1.0, -1.0, 50.0, 0.0]","[2.0, 43.0, 10.0, 6.0, 17.0, 7.0, nan, nan, nan]",['5' '2' '1' '1'],[nan nan nan nan],0.6333333333333333
180,42.54631794,-7.685035474,17,0.10000000000000009,30.620463642782912,28.106144620752143,10135,42.28471293,-7.568554824,0,0.4170976420996665,0.9586373039558473,0.5444444444444445,2.0,"[8.0, 40.0, 10.0, 6.0, 9.0, 1.0, 11.0, 50.0, 1.0]","[8.0, 38.0, 10.0, 1.0, 9.0, 6.0, 2.0, 30.0, 1.0]",['1' '0' '0' '1'],['10.0' '10.0' '10.0' '10.0'],0.9333333333333333
184,41.97007468,-7.347658251,36,0.10000000000000009,39.44473745020159,28.183462842031926,10135,42.28471293,-7.568554824,0,0.6927970104759307,0.9914469511081334,0.5444444444444445,2.0,"[8.0, 39.0, 10.0, 6.0, 13.0, 4.0, 4.0, 30.0, 1.0]","[8.0, 38.0, 10.0, 1.0, 9.0, 6.0, 2.0, 30.0, 1.0]",['1' '2' '0' '1'],['10.0' '10.0' '10.0' '10.0'],0.9666666666666667
226,41.97007468,-7.347658251,36,0.10000000000000009,39.44473745020159,28.183462842031926,10135,42.28471293,-7.568554824,0,0.6927970104759307,0.9914469511081334,0.5444444444444445,2.0,"[8.0, 39.0, 10.0, 6.0, 13.0, 4.0, 4.0, 30.0, 1.0]","[8.0, 38.0, 10.0, 1.0, 9.0, 6.0, 2.0, 30.0, 1.0]",['1' '2' '0' '1'],['10.0' '10.0' '10.0' '10.0'],0.9666666666666667
229,41.58138476,-8.508512416,1,0.10000000000000009,20.75818209274549,19.149322544837684,10136,41.55470365,-8.755470747,0,0.5713612000399046,0.9264775711213835,0.43333333333333346,1.0,"[10.0, 23.0, 10.0, 6.0, 2.0, 3.0, 7.0, 50.0, 1.0]","[8.0, 19.0, 10.0, 1.0, 1.0, 3.0, 8.0, 20.0, 1.0]",['1' '0' '0' '1'],['3.0' '3.0' '3.0' '3.0'],0.65
187,41.58138476,-8.508512416,1,0.10000000000000009,20.75818209274549,19.149322544837684,10136,41.55470365,-8.755470747,0,0.5713612000399046,0.9264775711213835,0.43333333333333346,1.0,"[10.0, 23.0, 10.0, 6.0, 2.0, 3.0, 7.0, 50.0, 1.0]","[8.0, 19.0, 10.0, 1.0, 1.0, 3.0, 8.0, 20.0, 1.0]",['1' '0' '0' '1'],['3.0' '3.0' '3.0' '3.0'],0.65
188,42.00618249,-7.845944208,58,0.10000000000000009,42.470137712906016,8.22184939533181,10139,42.10665411,-7.349648774,0,0.3062539962339155,0.9444703124775484,0.3222222222222223,0.0,"[8.0, 38.0, 5.0, 6.0, 1.0, 1.0, 9.0, 50.0, 1.0]","[8.0, 34.0, 2.0, 1.0, 2.0, 12.0, 2.0, 30.0, 1.0]",['7' '2' '1' '1'],['1.0' '1.0' '1.0' '1.0'],0.6066666666666667
230,42.00618249,-7.845944208,58,0.10000000000000009,42.470137712906016,8.22184939533181,10139,42.10665411,-7.349648774,0,0.3062539962339155,0.9444703124775484,0.3222222222222223,0.0,"[8.0, 38.0, 5.0, 6.0, 1.0, 1.0, 9.0, 50.0, 1.0]","[8.0, 34.0, 2.0, 1.0, 2.0, 12.0, 2.0, 30.0, 1.0]",['7' '2' '1' '1'],['1.0' '1.0' '1.0' '1.0'],0.6066666666666667
189,42.54631794,-7.685035474,17,0.10000000000000009,7.619420115189485,20.14573389342689,10141,42.48779346,-7.636680549,0,0.6088203549601682,0.0,0.43333333333333346,2.0,"[8.0, 40.0, 10.0, 6.0, 9.0, 1.0, 11.0, 50.0, 1.0]","[8.0, 34.0, 10.0, 1.0, 9.0, 12.0, nan, nan, nan]",['1' '0' '0' '1'],[nan nan nan nan],0.8
231,42.54631794,-7.685035474,17,0.10000000000000009,7.619420115189485,20.14573389342689,10141,42.48779346,-7.636680549,0,0.6088203549601682,0.0,0.43333333333333346,2.0,"[8.0, 40.0, 10.0, 6.0, 9.0, 1.0, 11.0, 50.0, 1.0]","[8.0, 34.0, 10.0, 1.0, 9.0, 12.0, nan, nan, nan]",['1' '0' '0' '1'],[nan nan nan nan],0.8
191,42.34912347,-7.561901975,21,0.10000000000000009,16.596335588862882,18.310642127294035,10141,42.48779346,-7.636680549,0,0.9350008981535721,0.0,0.43333333333333346,1.0,"[8.0, 24.0, 10.0, 6.0, 13.0, 12.0, 6.0, 30.0, 1.0]","[8.0, 34.0, 10.0, 1.0, 9.0, 12.0, nan, nan, nan]",['1' '1' '0' '1'],[nan nan nan nan],0.6666666666666666
196,42.62970066,-8.226109014,31,0.10000000000000009,10.424505535654713,54.8546455201025,10145,42.54031531,-8.264507382,0,1.0329989798432764,0.9905492062738178,0.6555555555555557,5.0,"[8.0, 48.0, 10.0, 1.0, 13.0, 4.0, 11.0, 50.0, 1.0]","[8.0, 51.0, 10.0, 1.0, 17.0, 5.0, 2.0, 50.0, 1.0]",['1' '2' '0' '0'],['3.0' '3.0' '3.0' '3.0'],0.9
194,42.11415529,-8.216371286,15,0.10000000000000009,47.55176848361477,17.226023506111357,10145,42.54031531,-8.264507382,0,0.5242370145909808,0.9181060633300889,0.43333333333333346,1.0,"[8.0, 52.0, 10.0, 6.0, 11.0, 4.0, 5.0, 20.0, 1.0]","[8.0, 51.0, 10.0, 1.0, 17.0, 5.0, 2.0, 50.0, 1.0]",['1' '0' '0' '0'],['3.0' '3.0' '3.0' '3.0'],0.9666666666666667
238,42.62970066,-8.226109014,31,0.10000000000000009,10.424505535654713,54.8546455201025,10145,42.54031531,-8.264507382,0,1.0329989798432764,0.9905492062738178,0.6555555555555557,5.0,"[8.0, 48.0, 10.0, 1.0, 13.0, 4.0, 11.0, 50.0, 1.0]","[8.0, 51.0, 10.0, 1.0, 17.0, 5.0, 2.0, 50.0, 1.0]",['1' '2' '0' '0'],['3.0' '3.0' '3.0' '3.0'],0.9
239,41.28341653,-6.539602414,41,0.10000000000000009,44.64294544008541,18.50014199813399,10147,40.90260977,-6.370844807,0,0.6136004997250918,0.9718618290000672,0.5444444444444445,1.0,"[10.0, 42.0, 10.0, 1.0, 2.0, 3.0, 7.0, 50.0, 1.0]","[10.0, 32.0, 10.0, 1.0, 10.0, 1.0, 6.0, 30.0, 1.0]",['1' '2' '0' '1'],['10.0' '10.0' '10.0' '10.0'],0.6666666666666666
197,41.28341653,-6.539602414,41,0.10000000000000009,44.64294544008541,18.50014199813399,10147,40.90260977,-6.370844807,0,0.6136004997250918,0.9718618290000672,0.5444444444444445,1.0,"[10.0, 42.0, 10.0, 1.0, 2.0, 3.0, 7.0, 50.0, 1.0]","[10.0, 32.0, 10.0, 1.0, 10.0, 1.0, 6.0, 30.0, 1.0]",['1' '2' '0' '1'],['10.0' '10.0' '10.0' '10.0'],0.6666666666666666
198,42.70916776,-8.233199449,5,0.10000000000000009,18.65435115979236,26.296054933826767,10151,42.87002666,-8.168294084,0,0.8532630097269305,0.9805894519069324,0.5444444444444445,2.0,"[8.0, 34.0, 5.0, 6.0, 20.0, 7.0, 7.0, 30.0, 1.0]","[8.0, 40.0, 2.0, 6.0, 13.0, 10.0, 4.0, 30.0, 1.0]",['1' '0' '1' '0'],['3.0' '3.0' '3.0' '3.0'],0.5599999999999999
240,42.70916776,-8.233199449,5,0.10000000000000009,18.65435115979236,26.296054933826767,10151,42.87002666,-8.168294084,0,0.8532630097269305,0.9805894519069324,0.5444444444444445,2.0,"[8.0, 34.0, 5.0, 6.0, 20.0, 7.0, 7.0, 30.0, 1.0]","[8.0, 40.0, 2.0, 6.0, 13.0, 10.0, 4.0, 30.0, 1.0]",['1' '0' '1' '0'],['3.0' '3.0' '3.0' '3.0'],0.5599999999999999
241,41.41469164,-6.875651556,26,0.10000000000000009,39.92674463342207,11.731869470410414,10152,41.37842314,-7.351867712,0,0.46628964956539415,0.9230219967439203,0.43333333333333346,1.0,"[10.0, 27.0, 10.0, 1.0, 17.0, 6.0, 10.0, 30.0, 1.0]","[8.0, 18.0, 10.0, 1.0, 1.0, 7.0, 2.0, 20.0, 1.0]",['1' '1' '0' '0'],['1.0' '1.0' '1.0' '1.0'],0.5249999999999999
242,41.00040051,-7.156547358,40,0.10000000000000009,45.099878576003256,21.74479685341454,10152,41.37842314,-7.351867712,0,0.4849542787000857,0.8901236856292192,0.5444444444444445,2.0,"[8.0, 21.0, 10.0, 1.0, 17.0, 5.0, 6.0, 50.0, 1.0]","[8.0, 18.0, 10.0, 1.0, 1.0, 7.0, 2.0, 20.0, 1.0]",['1' '2' '0' '0'],['1.0' '1.0' '1.0' '1.0'],0.9
200,41.00040051,-7.156547358,40,0.10000000000000009,45.099878576003256,21.74479685341454,10152,41.37842314,-7.351867712,0,0.4849542787000857,0.8901236856292192,0.5444444444444445,2.0,"[8.0, 21.0, 10.0, 1.0, 17.0, 5.0, 6.0, 50.0, 1.0]","[8.0, 18.0, 10.0, 1.0, 1.0, 7.0, 2.0, 20.0, 1.0]",['1' '2' '0' '0'],['1.0' '1.0' '1.0' '1.0'],0.9
202,41.92742349,-7.559886354,32,0.10000000000000009,49.03150452677136,45.352853843949546,10154,41.49711433,-7.430896163,0,2.3994139167521076,0.992523011185637,0.6555555555555557,4.0,"[8.0, 25.0, 10.0, 1.0, 13.0, 3.0, 10.0, 20.0, 1.0]","[8.0, 27.0, 10.0, 1.0, 9.0, 4.0, 9.0, 20.0, 1.0]",['1' '2' '0' '0'],['10.0' '10.0' '10.0' '10.0'],0.9333333333333333
244,41.92742349,-7.559886354,32,0.10000000000000009,49.03150452677136,45.352853843949546,10154,41.49711433,-7.430896163,0,2.3994139167521076,0.992523011185637,0.6555555555555557,4.0,"[8.0, 25.0, 10.0, 1.0, 13.0, 3.0, 10.0, 20.0, 1.0]","[8.0, 27.0, 10.0, 1.0, 9.0, 4.0, 9.0, 20.0, 1.0]",['1' '2' '0' '0'],['10.0' '10.0' '10.0' '10.0'],0.9333333333333333
243,41.41469164,-6.875651556,26,0.10000000000000009,47.17110139724359,23.346396081233017,10154,41.49711433,-7.430896163,0,1.146217199651649,0.9753507798655494,0.5444444444444445,2.0,"[10.0, 27.0, 10.0, 1.0, 17.0, 6.0, 10.0, 30.0, 1.0]","[8.0, 27.0, 10.0, 1.0, 9.0, 4.0, 9.0, 20.0, 1.0]",['1' '1' '0' '0'],['10.0' '10.0' '10.0' '10.0'],0.75
247,41.97007468,-7.347658251,36,0.10000000000000009,17.328688363496926,22.66167071693093,10157,41.83569674,-7.241618181,0,0.5285986401810077,0.9693845869958871,0.43333333333333346,2.0,"[8.0, 39.0, 10.0, 6.0, 13.0, 4.0, 4.0, 30.0, 1.0]","[8.0, 46.0, 10.0, 1.0, 8.0, 7.0, 2.0, 50.0, 1.0]",['1' '2' '0' '1'],['1.0' '1.0' '1.0' '1.0'],0.7666666666666667
204,42.02430087,-7.182759536,16,0.10000000000000009,21.529632738630355,69.08105662673687,10157,41.83569674,-7.241618181,0,0.773211205614703,0.9881443822691769,0.8777777777777779,6.0,"[8.0, 46.0, 10.0, 1.0, 2.0, 7.0, 11.0, 50.0, 1.0]","[8.0, 46.0, 10.0, 1.0, 8.0, 7.0, 2.0, 50.0, 1.0]",['1' '0' '0' '0'],['1.0' '1.0' '1.0' '1.0'],1.0
246,42.02430087,-7.182759536,16,0.10000000000000009,21.529632738630355,69.08105662673687,10157,41.83569674,-7.241618181,0,0.773211205614703,0.9881443822691769,0.8777777777777779,6.0,"[8.0, 46.0, 10.0, 1.0, 2.0, 7.0, 11.0, 50.0, 1.0]","[8.0, 46.0, 10.0, 1.0, 8.0, 7.0, 2.0, 50.0, 1.0]",['1' '0' '0' '0'],['1.0' '1.0' '1.0' '1.0'],1.0
206,41.97007468,-7.347658251,36,0.10000000000000009,40.40509898270351,14.884933838370918,10158,42.13832104,-6.913893135,0,0.6803789315132487,0.987335922691864,0.43333333333333346,1.0,"[8.0, 39.0, 10.0, 6.0, 13.0, 4.0, 4.0, 30.0, 1.0]","[10.0, 34.0, 10.0, 1.0, 10.0, 8.0, 5.0, 30.0, 1.0]",['1' '2' '0' '1'],['3.0' '3.0' '3.0' '3.0'],0.625
248,41.97007468,-7.347658251,36,0.10000000000000009,40.40509898270351,14.884933838370918,10158,42.13832104,-6.913893135,0,0.6803789315132487,0.987335922691864,0.43333333333333346,1.0,"[8.0, 39.0, 10.0, 6.0, 13.0, 4.0, 4.0, 30.0, 1.0]","[10.0, 34.0, 10.0, 1.0, 10.0, 8.0, 5.0, 30.0, 1.0]",['1' '2' '0' '1'],['3.0' '3.0' '3.0' '3.0'],0.625
207,42.02430087,-7.182759536,16,0.10000000000000009,32.84832745123126,21.677650541144956,10159,42.02675267,-6.785097108,0,0.6361076869015841,0.9916764147705002,0.5444444444444445,2.0,"[8.0, 46.0, 10.0, 1.0, 2.0, 7.0, 11.0, 50.0, 1.0]","[10.0, 51.0, 10.0, 6.0, 2.0, 3.0, 6.0, 50.0, 1.0]",['1' '0' '0' '0'],['3.0' '3.0' '3.0' '3.0'],0.625
208,42.83335972,-7.047363952,27,0.10000000000000009,20.60587773929311,42.804355775299975,10160,42.97792178,-7.205653183,0,0.6459746885795214,0.982203171561435,0.6555555555555557,4.0,"[8.0, 35.0, 2.0, 1.0, 2.0, 4.0, 7.0, 30.0, 1.0]","[8.0, 38.0, 2.0, 6.0, 10.0, 4.0, 9.0, 30.0, 1.0]",['1' '1' '0' '1'],['10.0' '10.0' '10.0' '10.0'],0.9
209,42.86883122,-7.321750033,57,0.10000000000000009,15.378731001756284,22.451004128068288,10160,42.97792178,-7.205653183,0,0.6919505295573551,0.968563303571099,0.43333333333333346,2.0,"[8.0, 39.0, 5.0, 6.0, 9.0, 1.0, 11.0, 50.0, 1.0]","[8.0, 38.0, 2.0, 6.0, 10.0, 4.0, 9.0, 30.0, 1.0]",['6' '2' '1' '1'],['10.0' '10.0' '10.0' '10.0'],0.6766666666666666
